rater_id,block,E,A,C,N,O,candidate_id,rating,E,A,C,N,O
A3HOBJ4PJUOCUN,basic_info|personality,22,41,42,25,36,AQAXDL1INQC9Q,4.5,26,33,44,21,47
A3HOBJ4PJUOCUN,basic_info|personality,22,41,42,25,36,A1HUUSCZ4I5SOP,4,40,42,42,8,39
A3HOBJ4PJUOCUN,basic_info|personality,22,41,42,25,36,A2LT6KC1X51FVW,3,15,12,23,32,36
A3HOBJ4PJUOCUN,basic_info|personality,22,41,42,25,36,AQN3RS63MEPQA,2.5,33,39,40,10,38
A3HOBJ4PJUOCUN,basic_info|personality,22,41,42,25,36,AKX5RHHO8BIUX,3,19,39,33,25,36
A3HOBJ4PJUOCUN,basic_info|personality,22,41,42,25,36,A2K9FAOBT66F3U,2.5,23,43,36,26,47
A3HOBJ4PJUOCUN,basic_info|personality,22,41,42,25,36,A2P1VYBQ79Y92Q,2.5,33,40,44,12,45
A3HOBJ4PJUOCUN,basic_info|personality,22,41,42,25,36,ATHS9GUME1XCA,4.5,29,38,40,8,44
A3HOBJ4PJUOCUN,basic_info|personality,22,41,42,25,36,A1IZ4NX41GKU4X,2.5,40,33,45,12,42
A3HOBJ4PJUOCUN,basic_info|personality,22,41,42,25,36,A1EYJNJFSRMDWW,3.5,13,37,38,27,45
A166A2M31CW2C7,basic_info|personality,16,27,34,30,39,A20ALQT1HIVSAH,2,25,45,37,8,37
A166A2M31CW2C7,basic_info|personality,16,27,34,30,39,A2MWAXV1YRK5GH,1,40,45,45,8,49
A166A2M31CW2C7,basic_info|personality,16,27,34,30,39,A1EYJNJFSRMDWW,4,13,37,38,27,45
A166A2M31CW2C7,basic_info|personality,16,27,34,30,39,A3E8SXH0BAYG85,3,26,35,40,12,42
A166A2M31CW2C7,basic_info|personality,16,27,34,30,39,A2P1VYBQ79Y92Q,1.5,33,40,44,12,45
A166A2M31CW2C7,basic_info|personality,16,27,34,30,39,A3EJ44J2ZNRMDA,2,34,24,45,13,50
A166A2M31CW2C7,basic_info|personality,16,27,34,30,39,ATHS9GUME1XCA,2,29,38,40,8,44
A166A2M31CW2C7,basic_info|personality,16,27,34,30,39,A22KRF782ELLB0,3,8,38,40,29,37
A166A2M31CW2C7,basic_info|personality,16,27,34,30,39,A1IZ4NX41GKU4X,2,40,33,45,12,42
A166A2M31CW2C7,basic_info|personality,16,27,34,30,39,AQN3RS63MEPQA,3,33,39,40,10,38
AURYD2FH3FUOQ,performance,13,37,31,8,21,A20ALQT1HIVSAH,0.5,25,45,37,8,37
AURYD2FH3FUOQ,performance,13,37,31,8,21,A1HUUSCZ4I5SOP,4,40,42,42,8,39
AURYD2FH3FUOQ,performance,13,37,31,8,21,A2LT6KC1X51FVW,4,15,12,23,32,36
AURYD2FH3FUOQ,performance,13,37,31,8,21,AQN3RS63MEPQA,2.5,33,39,40,10,38
AURYD2FH3FUOQ,performance,13,37,31,8,21,A3EJ44J2ZNRMDA,4,34,24,45,13,50
AURYD2FH3FUOQ,performance,13,37,31,8,21,AAEZQL4J6CQGM,4,40,30,45,14,43
AURYD2FH3FUOQ,performance,13,37,31,8,21,A14PFRHG0A2YY9,3.5,28,36,36,18,39
AURYD2FH3FUOQ,performance,13,37,31,8,21,A1IZ4NX41GKU4X,3,40,33,45,12,42
AURYD2FH3FUOQ,performance,13,37,31,8,21,A1EYJNJFSRMDWW,3,13,37,38,27,45
AURYD2FH3FUOQ,performance,13,37,31,8,21,A1GKEEI844CEKI,0.5,22,30,29,21,36
A1YSYI926BBOHW,basic_info|personality,18,25,41,10,39,A20ALQT1HIVSAH,5,25,45,37,8,37
A1YSYI926BBOHW,basic_info|personality,18,25,41,10,39,A2LT6KC1X51FVW,2,15,12,23,32,36
A1YSYI926BBOHW,basic_info|personality,18,25,41,10,39,A1EYJNJFSRMDWW,4,13,37,38,27,45
A1YSYI926BBOHW,basic_info|personality,18,25,41,10,39,AKX5RHHO8BIUX,4,19,39,33,25,36
A1YSYI926BBOHW,basic_info|personality,18,25,41,10,39,A2K9FAOBT66F3U,4.5,23,43,36,26,47
A1YSYI926BBOHW,basic_info|personality,18,25,41,10,39,A175PJR0W3LO8I,5,14,36,40,22,28
A1YSYI926BBOHW,basic_info|personality,18,25,41,10,39,A2MWAXV1YRK5GH,4,40,45,45,8,49
A1YSYI926BBOHW,basic_info|personality,18,25,41,10,39,A14PFRHG0A2YY9,3.5,28,36,36,18,39
A1YSYI926BBOHW,basic_info|personality,18,25,41,10,39,A1GKEEI844CEKI,5,22,30,29,21,36
A1YSYI926BBOHW,basic_info|personality,18,25,41,10,39,A27BUT19WQ6P1O,5,21,41,43,14,43
A4ZPIPBDO624H,basic_info|personality|performance,22,37,35,8,49,A1HUUSCZ4I5SOP,3.5,40,42,42,8,39
A4ZPIPBDO624H,basic_info|personality|performance,22,37,35,8,49,A2LT6KC1X51FVW,3,15,12,23,32,36
A4ZPIPBDO624H,basic_info|personality|performance,22,37,35,8,49,A1EYJNJFSRMDWW,3,13,37,38,27,45
A4ZPIPBDO624H,basic_info|personality|performance,22,37,35,8,49,AKX5RHHO8BIUX,4.5,19,39,33,25,36
A4ZPIPBDO624H,basic_info|personality|performance,22,37,35,8,49,A3E8SXH0BAYG85,4,26,35,40,12,42
A4ZPIPBDO624H,basic_info|personality|performance,22,37,35,8,49,A2K9FAOBT66F3U,5,23,43,36,26,47
A4ZPIPBDO624H,basic_info|personality|performance,22,37,35,8,49,A175PJR0W3LO8I,4.5,14,36,40,22,28
A4ZPIPBDO624H,basic_info|personality|performance,22,37,35,8,49,A22KRF782ELLB0,3,8,38,40,29,37
A4ZPIPBDO624H,basic_info|personality|performance,22,37,35,8,49,A2MWAXV1YRK5GH,4.5,40,45,45,8,49
A4ZPIPBDO624H,basic_info|personality|performance,22,37,35,8,49,A1IZ4NX41GKU4X,4,40,33,45,12,42
A3RLCGRXA34GC0,basic_info|personality|performance,32,40,44,9,36,A2MWAXV1YRK5GH,5,40,45,45,8,49
A3RLCGRXA34GC0,basic_info|personality|performance,32,40,44,9,36,A1EYJNJFSRMDWW,3,13,37,38,27,45
A3RLCGRXA34GC0,basic_info|personality|performance,32,40,44,9,36,A2K9FAOBT66F3U,3.5,23,43,36,26,47
A3RLCGRXA34GC0,basic_info|personality|performance,32,40,44,9,36,A2P1VYBQ79Y92Q,5,33,40,44,12,45
A3RLCGRXA34GC0,basic_info|personality|performance,32,40,44,9,36,A175PJR0W3LO8I,2.5,14,36,40,22,28
A3RLCGRXA34GC0,basic_info|personality|performance,32,40,44,9,36,ATHS9GUME1XCA,1.5,29,38,40,8,44
A3RLCGRXA34GC0,basic_info|personality|performance,32,40,44,9,36,A22KRF782ELLB0,2,8,38,40,29,37
A3RLCGRXA34GC0,basic_info|personality|performance,32,40,44,9,36,A14PFRHG0A2YY9,3,28,36,36,18,39
A3RLCGRXA34GC0,basic_info|personality|performance,32,40,44,9,36,A1IZ4NX41GKU4X,4,40,33,45,12,42
A3RLCGRXA34GC0,basic_info|personality|performance,32,40,44,9,36,A27BUT19WQ6P1O,4,21,41,43,14,43
AVX3SWFMBEPMZ,performance,19,41,40,16,38,AQAXDL1INQC9Q,2.5,26,33,44,21,47
AVX3SWFMBEPMZ,performance,19,41,40,16,38,A20ALQT1HIVSAH,3,25,45,37,8,37
AVX3SWFMBEPMZ,performance,19,41,40,16,38,AQN3RS63MEPQA,2,33,39,40,10,38
AVX3SWFMBEPMZ,performance,19,41,40,16,38,AKX5RHHO8BIUX,4.5,19,39,33,25,36
AVX3SWFMBEPMZ,performance,19,41,40,16,38,A3E8SXH0BAYG85,3.5,26,35,40,12,42
AVX3SWFMBEPMZ,performance,19,41,40,16,38,ATHS9GUME1XCA,2,29,38,40,8,44
AVX3SWFMBEPMZ,performance,19,41,40,16,38,A1GKEEI844CEKI,3,22,30,29,21,36
AVX3SWFMBEPMZ,performance,19,41,40,16,38,A14PFRHG0A2YY9,3.5,28,36,36,18,39
AVX3SWFMBEPMZ,performance,19,41,40,16,38,A1EYJNJFSRMDWW,3,13,37,38,27,45
AVX3SWFMBEPMZ,performance,19,41,40,16,38,A27BUT19WQ6P1O,2.5,21,41,43,14,43
A21SF3IKIZB0VN,basic_info|personality|performance,21,39,40,26,35,AQAXDL1INQC9Q,5,26,33,44,21,47
A21SF3IKIZB0VN,basic_info|personality|performance,21,39,40,26,35,A3E8SXH0BAYG85,5,26,35,40,12,42
A21SF3IKIZB0VN,basic_info|personality|performance,21,39,40,26,35,A2K9FAOBT66F3U,2,23,43,36,26,47
A21SF3IKIZB0VN,basic_info|personality|performance,21,39,40,26,35,A1IZ4NX41GKU4X,3,40,33,45,12,42
A21SF3IKIZB0VN,basic_info|personality|performance,21,39,40,26,35,AAEZQL4J6CQGM,5,40,30,45,14,43
A21SF3IKIZB0VN,basic_info|personality|performance,21,39,40,26,35,ATHS9GUME1XCA,4,29,38,40,8,44
A21SF3IKIZB0VN,basic_info|personality|performance,21,39,40,26,35,A1GKEEI844CEKI,4,22,30,29,21,36
A21SF3IKIZB0VN,basic_info|personality|performance,21,39,40,26,35,A14PFRHG0A2YY9,4,28,36,36,18,39
A21SF3IKIZB0VN,basic_info|personality|performance,21,39,40,26,35,A2P1VYBQ79Y92Q,3,33,40,44,12,45
A21SF3IKIZB0VN,basic_info|personality|performance,21,39,40,26,35,A27BUT19WQ6P1O,3.5,21,41,43,14,43
A1MB3A5MC58LK6,basic_info|personality|performance,25,31,38,16,41,A20ALQT1HIVSAH,3.5,25,45,37,8,37
A1MB3A5MC58LK6,basic_info|personality|performance,25,31,38,16,41,A2LT6KC1X51FVW,3.5,15,12,23,32,36
A1MB3A5MC58LK6,basic_info|personality|performance,25,31,38,16,41,A1EYJNJFSRMDWW,4,13,37,38,27,45
A1MB3A5MC58LK6,basic_info|personality|performance,25,31,38,16,41,A3E8SXH0BAYG85,4,26,35,40,12,42
A1MB3A5MC58LK6,basic_info|personality|performance,25,31,38,16,41,A1IZ4NX41GKU4X,3.5,40,33,45,12,42
A1MB3A5MC58LK6,basic_info|personality|performance,25,31,38,16,41,ATHS9GUME1XCA,4,29,38,40,8,44
A1MB3A5MC58LK6,basic_info|personality|performance,25,31,38,16,41,A2MWAXV1YRK5GH,4,40,45,45,8,49
A1MB3A5MC58LK6,basic_info|personality|performance,25,31,38,16,41,A2P1VYBQ79Y92Q,4.5,33,40,44,12,45
A1MB3A5MC58LK6,basic_info|personality|performance,25,31,38,16,41,AQN3RS63MEPQA,3.5,33,39,40,10,38
A1MB3A5MC58LK6,basic_info|personality|performance,25,31,38,16,41,A27BUT19WQ6P1O,3.5,21,41,43,14,43
A1FG4M4370KNFI,basic_info|personality,25,30,28,32,46,A2MWAXV1YRK5GH,2,40,45,45,8,49
A1FG4M4370KNFI,basic_info|personality,25,30,28,32,46,A1EYJNJFSRMDWW,4,13,37,38,27,45
A1FG4M4370KNFI,basic_info|personality,25,30,28,32,46,A3E8SXH0BAYG85,3,26,35,40,12,42
A1FG4M4370KNFI,basic_info|personality,25,30,28,32,46,AAEZQL4J6CQGM,4,40,30,45,14,43
A1FG4M4370KNFI,basic_info|personality,25,30,28,32,46,A3EJ44J2ZNRMDA,3,34,24,45,13,50
A1FG4M4370KNFI,basic_info|personality,25,30,28,32,46,A22KRF782ELLB0,4,8,38,40,29,37
A1FG4M4370KNFI,basic_info|personality,25,30,28,32,46,A2P1VYBQ79Y92Q,3,33,40,44,12,45
A1FG4M4370KNFI,basic_info|personality,25,30,28,32,46,AQN3RS63MEPQA,2.5,33,39,40,10,38
A1FG4M4370KNFI,basic_info|personality,25,30,28,32,46,A1GKEEI844CEKI,3.5,22,30,29,21,36
A1FG4M4370KNFI,basic_info|personality,25,30,28,32,46,A27BUT19WQ6P1O,3.5,21,41,43,14,43
AL1RAAKVG9FJ2,basic_info|personality,19,30,34,17,32,AQAXDL1INQC9Q,3.5,26,33,44,21,47
AL1RAAKVG9FJ2,basic_info|personality,19,30,34,17,32,A1EYJNJFSRMDWW,3,13,37,38,27,45
AL1RAAKVG9FJ2,basic_info|personality,19,30,34,17,32,AKX5RHHO8BIUX,4,19,39,33,25,36
AL1RAAKVG9FJ2,basic_info|personality,19,30,34,17,32,A2K9FAOBT66F3U,2.5,23,43,36,26,47
AL1RAAKVG9FJ2,basic_info|personality,19,30,34,17,32,AAEZQL4J6CQGM,3.5,40,30,45,14,43
AL1RAAKVG9FJ2,basic_info|personality,19,30,34,17,32,A1GKEEI844CEKI,4.5,22,30,29,21,36
AL1RAAKVG9FJ2,basic_info|personality,19,30,34,17,32,A22KRF782ELLB0,1,8,38,40,29,37
AL1RAAKVG9FJ2,basic_info|personality,19,30,34,17,32,A14PFRHG0A2YY9,1,28,36,36,18,39
AL1RAAKVG9FJ2,basic_info|personality,19,30,34,17,32,AQN3RS63MEPQA,3,33,39,40,10,38
AL1RAAKVG9FJ2,basic_info|personality,19,30,34,17,32,A3EJ44J2ZNRMDA,2,34,24,45,13,50
A37QFZ8I1TGH2C,performance,14,31,38,25,42,AQAXDL1INQC9Q,1.5,26,33,44,21,47
A37QFZ8I1TGH2C,performance,14,31,38,25,42,A1HUUSCZ4I5SOP,1.5,40,42,42,8,39
A37QFZ8I1TGH2C,performance,14,31,38,25,42,A2LT6KC1X51FVW,1.5,15,12,23,32,36
A37QFZ8I1TGH2C,performance,14,31,38,25,42,A2K9FAOBT66F3U,3.5,23,43,36,26,47
A37QFZ8I1TGH2C,performance,14,31,38,25,42,A175PJR0W3LO8I,4,14,36,40,22,28
A37QFZ8I1TGH2C,performance,14,31,38,25,42,ATHS9GUME1XCA,2,29,38,40,8,44
A37QFZ8I1TGH2C,performance,14,31,38,25,42,A1GKEEI844CEKI,4.5,22,30,29,21,36
A37QFZ8I1TGH2C,performance,14,31,38,25,42,A2MWAXV1YRK5GH,3.5,40,45,45,8,49
A37QFZ8I1TGH2C,performance,14,31,38,25,42,A2P1VYBQ79Y92Q,3.5,33,40,44,12,45
A37QFZ8I1TGH2C,performance,14,31,38,25,42,A27BUT19WQ6P1O,3.5,21,41,43,14,43
A1QB42OYEG1553,performance,10,40,36,35,33,A1HUUSCZ4I5SOP,4,40,42,42,8,39
A1QB42OYEG1553,performance,10,40,36,35,33,A2MWAXV1YRK5GH,3,40,45,45,8,49
A1QB42OYEG1553,performance,10,40,36,35,33,AQN3RS63MEPQA,2.5,33,39,40,10,38
A1QB42OYEG1553,performance,10,40,36,35,33,AKX5RHHO8BIUX,5,19,39,33,25,36
A1QB42OYEG1553,performance,10,40,36,35,33,A3E8SXH0BAYG85,4,26,35,40,12,42
A1QB42OYEG1553,performance,10,40,36,35,33,ATHS9GUME1XCA,3,29,38,40,8,44
A1QB42OYEG1553,performance,10,40,36,35,33,A3EJ44J2ZNRMDA,1,34,24,45,13,50
A1QB42OYEG1553,performance,10,40,36,35,33,A22KRF782ELLB0,4,8,38,40,29,37
A1QB42OYEG1553,performance,10,40,36,35,33,A14PFRHG0A2YY9,1.5,28,36,36,18,39
A1QB42OYEG1553,performance,10,40,36,35,33,A2P1VYBQ79Y92Q,3,33,40,44,12,45
AHV4U78TUUDKI,basic_info|personality|performance,33,21,42,22,40,A1HUUSCZ4I5SOP,3,40,42,42,8,39
AHV4U78TUUDKI,basic_info|personality|performance,33,21,42,22,40,A2LT6KC1X51FVW,3,15,12,23,32,36
AHV4U78TUUDKI,basic_info|personality|performance,33,21,42,22,40,A1EYJNJFSRMDWW,1.5,13,37,38,27,45
AHV4U78TUUDKI,basic_info|personality|performance,33,21,42,22,40,AKX5RHHO8BIUX,2,19,39,33,25,36
AHV4U78TUUDKI,basic_info|personality|performance,33,21,42,22,40,A175PJR0W3LO8I,2.5,14,36,40,22,28
AHV4U78TUUDKI,basic_info|personality|performance,33,21,42,22,40,ATHS9GUME1XCA,2.5,29,38,40,8,44
AHV4U78TUUDKI,basic_info|personality|performance,33,21,42,22,40,A1GKEEI844CEKI,3,22,30,29,21,36
AHV4U78TUUDKI,basic_info|personality|performance,33,21,42,22,40,A22KRF782ELLB0,1,8,38,40,29,37
AHV4U78TUUDKI,basic_info|personality|performance,33,21,42,22,40,A2P1VYBQ79Y92Q,3.5,33,40,44,12,45
AHV4U78TUUDKI,basic_info|personality|performance,33,21,42,22,40,AAEZQL4J6CQGM,2,40,30,45,14,43
A1KJV3S1EK7LUT,basic_info|personality,11,27,28,33,42,AQAXDL1INQC9Q,3,26,33,44,21,47
A1KJV3S1EK7LUT,basic_info|personality,11,27,28,33,42,A20ALQT1HIVSAH,3,25,45,37,8,37
A1KJV3S1EK7LUT,basic_info|personality,11,27,28,33,42,A2MWAXV1YRK5GH,3.5,40,45,45,8,49
A1KJV3S1EK7LUT,basic_info|personality,11,27,28,33,42,AQN3RS63MEPQA,2,33,39,40,10,38
A1KJV3S1EK7LUT,basic_info|personality,11,27,28,33,42,A2K9FAOBT66F3U,3.5,23,43,36,26,47
A1KJV3S1EK7LUT,basic_info|personality,11,27,28,33,42,AAEZQL4J6CQGM,3,40,30,45,14,43
A1KJV3S1EK7LUT,basic_info|personality,11,27,28,33,42,A1GKEEI844CEKI,3,22,30,29,21,36
A1KJV3S1EK7LUT,basic_info|personality,11,27,28,33,42,A14PFRHG0A2YY9,4,28,36,36,18,39
A1KJV3S1EK7LUT,basic_info|personality,11,27,28,33,42,A1EYJNJFSRMDWW,4,13,37,38,27,45
A1KJV3S1EK7LUT,basic_info|personality,11,27,28,33,42,A27BUT19WQ6P1O,3,21,41,43,14,43
A248ARSA6FS20S,basic_info|personality|performance,16,41,43,12,46,AQAXDL1INQC9Q,4.5,26,33,44,21,47
A248ARSA6FS20S,basic_info|personality|performance,16,41,43,12,46,A2LT6KC1X51FVW,3.5,15,12,23,32,36
A248ARSA6FS20S,basic_info|personality|performance,16,41,43,12,46,AKX5RHHO8BIUX,4,19,39,33,25,36
A248ARSA6FS20S,basic_info|personality|performance,16,41,43,12,46,A175PJR0W3LO8I,2,14,36,40,22,28
A248ARSA6FS20S,basic_info|personality|performance,16,41,43,12,46,A3EJ44J2ZNRMDA,4.5,34,24,45,13,50
A248ARSA6FS20S,basic_info|personality|performance,16,41,43,12,46,ATHS9GUME1XCA,3,29,38,40,8,44
A248ARSA6FS20S,basic_info|personality|performance,16,41,43,12,46,AAEZQL4J6CQGM,2,40,30,45,14,43
A248ARSA6FS20S,basic_info|personality|performance,16,41,43,12,46,A22KRF782ELLB0,2,8,38,40,29,37
A248ARSA6FS20S,basic_info|personality|performance,16,41,43,12,46,A1IZ4NX41GKU4X,2.5,40,33,45,12,42
A248ARSA6FS20S,basic_info|personality|performance,16,41,43,12,46,A27BUT19WQ6P1O,4,21,41,43,14,43
A3EJ44J2ZNRMDA,performance,33,20,45,15,50,AQAXDL1INQC9Q,3.5,26,33,44,21,47
A3EJ44J2ZNRMDA,performance,33,20,45,15,50,A20ALQT1HIVSAH,0.5,25,45,37,8,37
A3EJ44J2ZNRMDA,performance,33,20,45,15,50,A1HUUSCZ4I5SOP,4,40,42,42,8,39
A3EJ44J2ZNRMDA,performance,33,20,45,15,50,AQN3RS63MEPQA,3,33,39,40,10,38
A3EJ44J2ZNRMDA,performance,33,20,45,15,50,A2K9FAOBT66F3U,2.5,23,43,36,26,47
A3EJ44J2ZNRMDA,performance,33,20,45,15,50,A175PJR0W3LO8I,3.5,14,36,40,22,28
A3EJ44J2ZNRMDA,performance,33,20,45,15,50,ATHS9GUME1XCA,1,29,38,40,8,44
A3EJ44J2ZNRMDA,performance,33,20,45,15,50,A22KRF782ELLB0,5,8,38,40,29,37
A3EJ44J2ZNRMDA,performance,33,20,45,15,50,A14PFRHG0A2YY9,3.5,28,36,36,18,39
A3EJ44J2ZNRMDA,performance,33,20,45,15,50,A27BUT19WQ6P1O,2.5,21,41,43,14,43
A2A52EATFDQJ1P,performance,18,39,26,35,22,A20ALQT1HIVSAH,3.5,25,45,37,8,37
A2A52EATFDQJ1P,performance,18,39,26,35,22,A2MWAXV1YRK5GH,3.5,40,45,45,8,49
A2A52EATFDQJ1P,performance,18,39,26,35,22,A1EYJNJFSRMDWW,2.5,13,37,38,27,45
A2A52EATFDQJ1P,performance,18,39,26,35,22,AKX5RHHO8BIUX,4.5,19,39,33,25,36
A2A52EATFDQJ1P,performance,18,39,26,35,22,A3E8SXH0BAYG85,4.5,26,35,40,12,42
A2A52EATFDQJ1P,performance,18,39,26,35,22,AAEZQL4J6CQGM,5,40,30,45,14,43
A2A52EATFDQJ1P,performance,18,39,26,35,22,ATHS9GUME1XCA,2.5,29,38,40,8,44
A2A52EATFDQJ1P,performance,18,39,26,35,22,A14PFRHG0A2YY9,5,28,36,36,18,39
A2A52EATFDQJ1P,performance,18,39,26,35,22,A2P1VYBQ79Y92Q,4.5,33,40,44,12,45
A2A52EATFDQJ1P,performance,18,39,26,35,22,AQN3RS63MEPQA,1.5,33,39,40,10,38
A3J9EHZQ9PERAX,basic_info|personality|performance,22,28,36,29,30,AQAXDL1INQC9Q,4,26,33,44,21,47
A3J9EHZQ9PERAX,basic_info|personality|performance,22,28,36,29,30,A1HUUSCZ4I5SOP,4,40,42,42,8,39
A3J9EHZQ9PERAX,basic_info|personality|performance,22,28,36,29,30,A2LT6KC1X51FVW,4,15,12,23,32,36
A3J9EHZQ9PERAX,basic_info|personality|performance,22,28,36,29,30,A1EYJNJFSRMDWW,4,13,37,38,27,45
A3J9EHZQ9PERAX,basic_info|personality|performance,22,28,36,29,30,AKX5RHHO8BIUX,5,19,39,33,25,36
A3J9EHZQ9PERAX,basic_info|personality|performance,22,28,36,29,30,A175PJR0W3LO8I,3,14,36,40,22,28
A3J9EHZQ9PERAX,basic_info|personality|performance,22,28,36,29,30,ATHS9GUME1XCA,4,29,38,40,8,44
A3J9EHZQ9PERAX,basic_info|personality|performance,22,28,36,29,30,AAEZQL4J6CQGM,4,40,30,45,14,43
A3J9EHZQ9PERAX,basic_info|personality|performance,22,28,36,29,30,A22KRF782ELLB0,5,8,38,40,29,37
A3J9EHZQ9PERAX,basic_info|personality|performance,22,28,36,29,30,AQN3RS63MEPQA,5,33,39,40,10,38
A26GF078IX9A43,basic_info|personality,24,37,38,18,39,A2LT6KC1X51FVW,4,15,12,23,32,36
A26GF078IX9A43,basic_info|personality,24,37,38,18,39,AQN3RS63MEPQA,4,33,39,40,10,38
A26GF078IX9A43,basic_info|personality,24,37,38,18,39,AKX5RHHO8BIUX,1,19,39,33,25,36
A26GF078IX9A43,basic_info|personality,24,37,38,18,39,A3EJ44J2ZNRMDA,3.5,34,24,45,13,50
A26GF078IX9A43,basic_info|personality,24,37,38,18,39,ATHS9GUME1XCA,2.5,29,38,40,8,44
A26GF078IX9A43,basic_info|personality,24,37,38,18,39,A2P1VYBQ79Y92Q,2,33,40,44,12,45
A26GF078IX9A43,basic_info|personality,24,37,38,18,39,A1EYJNJFSRMDWW,3,13,37,38,27,45
A26GF078IX9A43,basic_info|personality,24,37,38,18,39,A1GKEEI844CEKI,2.5,22,30,29,21,36
A26GF078IX9A43,basic_info|personality,24,37,38,18,39,AAEZQL4J6CQGM,2,40,30,45,14,43
A26GF078IX9A43,basic_info|personality,24,37,38,18,39,A27BUT19WQ6P1O,2.5,21,41,43,14,43
AK2C9AX5QJWUU,basic_info|personality,24,28,31,25,44,AQAXDL1INQC9Q,3,26,33,44,21,47
AK2C9AX5QJWUU,basic_info|personality,24,28,31,25,44,A1HUUSCZ4I5SOP,4,40,42,42,8,39
AK2C9AX5QJWUU,basic_info|personality,24,28,31,25,44,A2LT6KC1X51FVW,4,15,12,23,32,36
AK2C9AX5QJWUU,basic_info|personality,24,28,31,25,44,AKX5RHHO8BIUX,4,19,39,33,25,36
AK2C9AX5QJWUU,basic_info|personality,24,28,31,25,44,A2K9FAOBT66F3U,2,23,43,36,26,47
AK2C9AX5QJWUU,basic_info|personality,24,28,31,25,44,A2P1VYBQ79Y92Q,3,33,40,44,12,45
AK2C9AX5QJWUU,basic_info|personality,24,28,31,25,44,A3EJ44J2ZNRMDA,4,34,24,45,13,50
AK2C9AX5QJWUU,basic_info|personality,24,28,31,25,44,AAEZQL4J6CQGM,3.5,40,30,45,14,43
AK2C9AX5QJWUU,basic_info|personality,24,28,31,25,44,A14PFRHG0A2YY9,3,28,36,36,18,39
AK2C9AX5QJWUU,basic_info|personality,24,28,31,25,44,A1IZ4NX41GKU4X,3.5,40,33,45,12,42
A2PXJTMWGUE5DC,performance,23,38,40,24,39,AQAXDL1INQC9Q,3,26,33,44,21,47
A2PXJTMWGUE5DC,performance,23,38,40,24,39,A2MWAXV1YRK5GH,3,40,45,45,8,49
A2PXJTMWGUE5DC,performance,23,38,40,24,39,AQN3RS63MEPQA,2.5,33,39,40,10,38
A2PXJTMWGUE5DC,performance,23,38,40,24,39,A3E8SXH0BAYG85,3.5,26,35,40,12,42
A2PXJTMWGUE5DC,performance,23,38,40,24,39,A1IZ4NX41GKU4X,4.5,40,33,45,12,42
A2PXJTMWGUE5DC,performance,23,38,40,24,39,AAEZQL4J6CQGM,3.5,40,30,45,14,43
A2PXJTMWGUE5DC,performance,23,38,40,24,39,A1GKEEI844CEKI,1.5,22,30,29,21,36
A2PXJTMWGUE5DC,performance,23,38,40,24,39,A14PFRHG0A2YY9,4,28,36,36,18,39
A2PXJTMWGUE5DC,performance,23,38,40,24,39,A2P1VYBQ79Y92Q,3.5,33,40,44,12,45
A2PXJTMWGUE5DC,performance,23,38,40,24,39,A3EJ44J2ZNRMDA,2.5,34,24,45,13,50
A1STU8IA7S3WOK,performance,17,36,32,20,39,A20ALQT1HIVSAH,3,25,45,37,8,37
A1STU8IA7S3WOK,performance,17,36,32,20,39,A2MWAXV1YRK5GH,3.5,40,45,45,8,49
A1STU8IA7S3WOK,performance,17,36,32,20,39,A3E8SXH0BAYG85,4,26,35,40,12,42
A1STU8IA7S3WOK,performance,17,36,32,20,39,A2K9FAOBT66F3U,4,23,43,36,26,47
A1STU8IA7S3WOK,performance,17,36,32,20,39,A175PJR0W3LO8I,4,14,36,40,22,28
A1STU8IA7S3WOK,performance,17,36,32,20,39,AAEZQL4J6CQGM,4.5,40,30,45,14,43
A1STU8IA7S3WOK,performance,17,36,32,20,39,A1GKEEI844CEKI,3,22,30,29,21,36
A1STU8IA7S3WOK,performance,17,36,32,20,39,A22KRF782ELLB0,4.5,8,38,40,29,37
A1STU8IA7S3WOK,performance,17,36,32,20,39,A14PFRHG0A2YY9,3.5,28,36,36,18,39
A1STU8IA7S3WOK,performance,17,36,32,20,39,A3EJ44J2ZNRMDA,3.5,34,24,45,13,50
AZJEGHE4605S5,basic_info|personality|performance,32,40,41,15,37,AQAXDL1INQC9Q,3.5,26,33,44,21,47
AZJEGHE4605S5,basic_info|personality|performance,32,40,41,15,37,A20ALQT1HIVSAH,4.5,25,45,37,8,37
AZJEGHE4605S5,basic_info|personality|performance,32,40,41,15,37,A1HUUSCZ4I5SOP,4.5,40,42,42,8,39
AZJEGHE4605S5,basic_info|personality|performance,32,40,41,15,37,A2LT6KC1X51FVW,3,15,12,23,32,36
AZJEGHE4605S5,basic_info|personality|performance,32,40,41,15,37,AKX5RHHO8BIUX,3.5,19,39,33,25,36
AZJEGHE4605S5,basic_info|personality|performance,32,40,41,15,37,A2K9FAOBT66F3U,4,23,43,36,26,47
AZJEGHE4605S5,basic_info|personality|performance,32,40,41,15,37,AAEZQL4J6CQGM,3.5,40,30,45,14,43
AZJEGHE4605S5,basic_info|personality|performance,32,40,41,15,37,ATHS9GUME1XCA,4,29,38,40,8,44
AZJEGHE4605S5,basic_info|personality|performance,32,40,41,15,37,A14PFRHG0A2YY9,4,28,36,36,18,39
AZJEGHE4605S5,basic_info|personality|performance,32,40,41,15,37,A1IZ4NX41GKU4X,4,40,33,45,12,42
AQAXDL1INQC9Q,basic_info|personality|performance,24,35,44,21,50,AQAXDL1INQC9Q,5,26,33,44,21,47
AQAXDL1INQC9Q,basic_info|personality|performance,24,35,44,21,50,A20ALQT1HIVSAH,2.5,25,45,37,8,37
AQAXDL1INQC9Q,basic_info|personality|performance,24,35,44,21,50,A1HUUSCZ4I5SOP,2.5,40,42,42,8,39
AQAXDL1INQC9Q,basic_info|personality|performance,24,35,44,21,50,A3E8SXH0BAYG85,4,26,35,40,12,42
AQAXDL1INQC9Q,basic_info|personality|performance,24,35,44,21,50,A3EJ44J2ZNRMDA,4,34,24,45,13,50
AQAXDL1INQC9Q,basic_info|personality|performance,24,35,44,21,50,ATHS9GUME1XCA,3,29,38,40,8,44
AQAXDL1INQC9Q,basic_info|personality|performance,24,35,44,21,50,A22KRF782ELLB0,3.5,8,38,40,29,37
AQAXDL1INQC9Q,basic_info|personality|performance,24,35,44,21,50,A14PFRHG0A2YY9,3.5,28,36,36,18,39
AQAXDL1INQC9Q,basic_info|personality|performance,24,35,44,21,50,A1IZ4NX41GKU4X,3.5,40,33,45,12,42
AQAXDL1INQC9Q,basic_info|personality|performance,24,35,44,21,50,A1GKEEI844CEKI,3.5,22,30,29,21,36
A2SYRFPPV9WDEG,basic_info|personality|performance,10,27,37,30,29,AQAXDL1INQC9Q,3.5,26,33,44,21,47
A2SYRFPPV9WDEG,basic_info|personality|performance,10,27,37,30,29,A2MWAXV1YRK5GH,4.5,40,45,45,8,49
A2SYRFPPV9WDEG,basic_info|personality|performance,10,27,37,30,29,A3E8SXH0BAYG85,2.5,26,35,40,12,42
A2SYRFPPV9WDEG,basic_info|personality|performance,10,27,37,30,29,A2P1VYBQ79Y92Q,3,33,40,44,12,45
A2SYRFPPV9WDEG,basic_info|personality|performance,10,27,37,30,29,A175PJR0W3LO8I,2.5,14,36,40,22,28
A2SYRFPPV9WDEG,basic_info|personality|performance,10,27,37,30,29,AAEZQL4J6CQGM,4,40,30,45,14,43
A2SYRFPPV9WDEG,basic_info|personality|performance,10,27,37,30,29,A22KRF782ELLB0,4.5,8,38,40,29,37
A2SYRFPPV9WDEG,basic_info|personality|performance,10,27,37,30,29,A14PFRHG0A2YY9,3.5,28,36,36,18,39
A2SYRFPPV9WDEG,basic_info|personality|performance,10,27,37,30,29,A1IZ4NX41GKU4X,2.5,40,33,45,12,42
A2SYRFPPV9WDEG,basic_info|personality|performance,10,27,37,30,29,A27BUT19WQ6P1O,2,21,41,43,14,43
AIJUY02ENAH9U,basic_info|personality,34,36,37,16,45,AQAXDL1INQC9Q,4,26,33,44,21,47
AIJUY02ENAH9U,basic_info|personality,34,36,37,16,45,A20ALQT1HIVSAH,3.5,25,45,37,8,37
AIJUY02ENAH9U,basic_info|personality,34,36,37,16,45,A1EYJNJFSRMDWW,4.5,13,37,38,27,45
AIJUY02ENAH9U,basic_info|personality,34,36,37,16,45,A1IZ4NX41GKU4X,4.5,40,33,45,12,42
AIJUY02ENAH9U,basic_info|personality,34,36,37,16,45,A175PJR0W3LO8I,3,14,36,40,22,28
AIJUY02ENAH9U,basic_info|personality,34,36,37,16,45,A3EJ44J2ZNRMDA,3.5,34,24,45,13,50
AIJUY02ENAH9U,basic_info|personality,34,36,37,16,45,AAEZQL4J6CQGM,3.5,40,30,45,14,43
AIJUY02ENAH9U,basic_info|personality,34,36,37,16,45,A14PFRHG0A2YY9,2.5,28,36,36,18,39
AIJUY02ENAH9U,basic_info|personality,34,36,37,16,45,A2P1VYBQ79Y92Q,5,33,40,44,12,45
AIJUY02ENAH9U,basic_info|personality,34,36,37,16,45,A1GKEEI844CEKI,4.5,22,30,29,21,36
A34X76H88ZIZ21,basic_info|personality,13,30,45,36,45,A20ALQT1HIVSAH,1.5,25,45,37,8,37
A34X76H88ZIZ21,basic_info|personality,13,30,45,36,45,AQN3RS63MEPQA,3.5,33,39,40,10,38
A34X76H88ZIZ21,basic_info|personality,13,30,45,36,45,A2K9FAOBT66F3U,4,23,43,36,26,47
A34X76H88ZIZ21,basic_info|personality,13,30,45,36,45,A2P1VYBQ79Y92Q,3.5,33,40,44,12,45
A34X76H88ZIZ21,basic_info|personality,13,30,45,36,45,A3EJ44J2ZNRMDA,3,34,24,45,13,50
A34X76H88ZIZ21,basic_info|personality,13,30,45,36,45,ATHS9GUME1XCA,3.5,29,38,40,8,44
A34X76H88ZIZ21,basic_info|personality,13,30,45,36,45,A22KRF782ELLB0,5,8,38,40,29,37
A34X76H88ZIZ21,basic_info|personality,13,30,45,36,45,A1IZ4NX41GKU4X,4,40,33,45,12,42
A34X76H88ZIZ21,basic_info|personality,13,30,45,36,45,A1GKEEI844CEKI,4,22,30,29,21,36
A34X76H88ZIZ21,basic_info|personality,13,30,45,36,45,A27BUT19WQ6P1O,3,21,41,43,14,43
A3P2LT53J1GUBG,basic_info|personality,14,27,42,27,26,A20ALQT1HIVSAH,3.5,25,45,37,8,37
A3P2LT53J1GUBG,basic_info|personality,14,27,42,27,26,A2LT6KC1X51FVW,3,15,12,23,32,36
A3P2LT53J1GUBG,basic_info|personality,14,27,42,27,26,AQN3RS63MEPQA,1,33,39,40,10,38
A3P2LT53J1GUBG,basic_info|personality,14,27,42,27,26,A3E8SXH0BAYG85,2.5,26,35,40,12,42
A3P2LT53J1GUBG,basic_info|personality,14,27,42,27,26,A2K9FAOBT66F3U,3.5,23,43,36,26,47
A3P2LT53J1GUBG,basic_info|personality,14,27,42,27,26,A175PJR0W3LO8I,3.5,14,36,40,22,28
A3P2LT53J1GUBG,basic_info|personality,14,27,42,27,26,ATHS9GUME1XCA,2.5,29,38,40,8,44
A3P2LT53J1GUBG,basic_info|personality,14,27,42,27,26,A14PFRHG0A2YY9,2,28,36,36,18,39
A3P2LT53J1GUBG,basic_info|personality,14,27,42,27,26,A1EYJNJFSRMDWW,2,13,37,38,27,45
A3P2LT53J1GUBG,basic_info|personality,14,27,42,27,26,A27BUT19WQ6P1O,4,21,41,43,14,43
A1ONILGBGJ8Y5K,basic_info|personality|performance,34,38,30,11,47,A20ALQT1HIVSAH,2.5,25,45,37,8,37
A1ONILGBGJ8Y5K,basic_info|personality|performance,34,38,30,11,47,A1HUUSCZ4I5SOP,3,40,42,42,8,39
A1ONILGBGJ8Y5K,basic_info|personality|performance,34,38,30,11,47,A2LT6KC1X51FVW,4,15,12,23,32,36
A1ONILGBGJ8Y5K,basic_info|personality|performance,34,38,30,11,47,AQN3RS63MEPQA,2,33,39,40,10,38
A1ONILGBGJ8Y5K,basic_info|personality|performance,34,38,30,11,47,AKX5RHHO8BIUX,4,19,39,33,25,36
A1ONILGBGJ8Y5K,basic_info|personality|performance,34,38,30,11,47,A3E8SXH0BAYG85,2.5,26,35,40,12,42
A1ONILGBGJ8Y5K,basic_info|personality|performance,34,38,30,11,47,A2K9FAOBT66F3U,3.5,23,43,36,26,47
A1ONILGBGJ8Y5K,basic_info|personality|performance,34,38,30,11,47,ATHS9GUME1XCA,2,29,38,40,8,44
A1ONILGBGJ8Y5K,basic_info|personality|performance,34,38,30,11,47,A1GKEEI844CEKI,4.5,22,30,29,21,36
A1ONILGBGJ8Y5K,basic_info|personality|performance,34,38,30,11,47,A1IZ4NX41GKU4X,3.5,40,33,45,12,42
A2S96ZZ70YFPSK,basic_info|personality,16,34,30,18,40,AQAXDL1INQC9Q,3,26,33,44,21,47
A2S96ZZ70YFPSK,basic_info|personality,16,34,30,18,40,A1HUUSCZ4I5SOP,2.5,40,42,42,8,39
A2S96ZZ70YFPSK,basic_info|personality,16,34,30,18,40,AQN3RS63MEPQA,2.5,33,39,40,10,38
A2S96ZZ70YFPSK,basic_info|personality,16,34,30,18,40,AKX5RHHO8BIUX,3.5,19,39,33,25,36
A2S96ZZ70YFPSK,basic_info|personality,16,34,30,18,40,A3E8SXH0BAYG85,3.5,26,35,40,12,42
A2S96ZZ70YFPSK,basic_info|personality,16,34,30,18,40,A175PJR0W3LO8I,3.5,14,36,40,22,28
A2S96ZZ70YFPSK,basic_info|personality,16,34,30,18,40,ATHS9GUME1XCA,2,29,38,40,8,44
A2S96ZZ70YFPSK,basic_info|personality,16,34,30,18,40,A1GKEEI844CEKI,4,22,30,29,21,36
A2S96ZZ70YFPSK,basic_info|personality,16,34,30,18,40,A1IZ4NX41GKU4X,3,40,33,45,12,42
A2S96ZZ70YFPSK,basic_info|personality,16,34,30,18,40,A1EYJNJFSRMDWW,4,13,37,38,27,45
A39C1BN9ZSQ0R2,performance,15,25,43,24,33,A20ALQT1HIVSAH,0.5,25,45,37,8,37
A39C1BN9ZSQ0R2,performance,15,25,43,24,33,A1HUUSCZ4I5SOP,4.5,40,42,42,8,39
A39C1BN9ZSQ0R2,performance,15,25,43,24,33,A2MWAXV1YRK5GH,4.5,40,45,45,8,49
A39C1BN9ZSQ0R2,performance,15,25,43,24,33,A1EYJNJFSRMDWW,2.5,13,37,38,27,45
A39C1BN9ZSQ0R2,performance,15,25,43,24,33,A2K9FAOBT66F3U,4,23,43,36,26,47
A39C1BN9ZSQ0R2,performance,15,25,43,24,33,A3EJ44J2ZNRMDA,1,34,24,45,13,50
A39C1BN9ZSQ0R2,performance,15,25,43,24,33,ATHS9GUME1XCA,2,29,38,40,8,44
A39C1BN9ZSQ0R2,performance,15,25,43,24,33,AAEZQL4J6CQGM,2.5,40,30,45,14,43
A39C1BN9ZSQ0R2,performance,15,25,43,24,33,A2P1VYBQ79Y92Q,4.5,33,40,44,12,45
A39C1BN9ZSQ0R2,performance,15,25,43,24,33,A27BUT19WQ6P1O,3.5,21,41,43,14,43
A1S88VQY8G8CNC,performance,16,29,33,34,29,A20ALQT1HIVSAH,1.5,25,45,37,8,37
A1S88VQY8G8CNC,performance,16,29,33,34,29,A2LT6KC1X51FVW,4.5,15,12,23,32,36
A1S88VQY8G8CNC,performance,16,29,33,34,29,A1EYJNJFSRMDWW,3.5,13,37,38,27,45
A1S88VQY8G8CNC,performance,16,29,33,34,29,AKX5RHHO8BIUX,5,19,39,33,25,36
A1S88VQY8G8CNC,performance,16,29,33,34,29,A2K9FAOBT66F3U,5,23,43,36,26,47
A1S88VQY8G8CNC,performance,16,29,33,34,29,A3EJ44J2ZNRMDA,4.5,34,24,45,13,50
A1S88VQY8G8CNC,performance,16,29,33,34,29,A22KRF782ELLB0,5,8,38,40,29,37
A1S88VQY8G8CNC,performance,16,29,33,34,29,A14PFRHG0A2YY9,3.5,28,36,36,18,39
A1S88VQY8G8CNC,performance,16,29,33,34,29,A2P1VYBQ79Y92Q,4.5,33,40,44,12,45
A1S88VQY8G8CNC,performance,16,29,33,34,29,A27BUT19WQ6P1O,5,21,41,43,14,43
A1RWNYJA5X25YH,performance,16,44,44,17,31,AQAXDL1INQC9Q,0.5,26,33,44,21,47
A1RWNYJA5X25YH,performance,16,44,44,17,31,A20ALQT1HIVSAH,0.5,25,45,37,8,37
A1RWNYJA5X25YH,performance,16,44,44,17,31,A1EYJNJFSRMDWW,0.5,13,37,38,27,45
A1RWNYJA5X25YH,performance,16,44,44,17,31,AKX5RHHO8BIUX,3,19,39,33,25,36
A1RWNYJA5X25YH,performance,16,44,44,17,31,A2K9FAOBT66F3U,3,23,43,36,26,47
A1RWNYJA5X25YH,performance,16,44,44,17,31,A175PJR0W3LO8I,4.5,14,36,40,22,28
A1RWNYJA5X25YH,performance,16,44,44,17,31,A3EJ44J2ZNRMDA,1.5,34,24,45,13,50
A1RWNYJA5X25YH,performance,16,44,44,17,31,A1GKEEI844CEKI,3.5,22,30,29,21,36
A1RWNYJA5X25YH,performance,16,44,44,17,31,A14PFRHG0A2YY9,2.5,28,36,36,18,39
A1RWNYJA5X25YH,performance,16,44,44,17,31,A27BUT19WQ6P1O,4.5,21,41,43,14,43
A2AVFNOKFHQ2ME,performance,16,45,39,9,46,AQAXDL1INQC9Q,4,26,33,44,21,47
A2AVFNOKFHQ2ME,performance,16,45,39,9,46,A20ALQT1HIVSAH,0.5,25,45,37,8,37
A2AVFNOKFHQ2ME,performance,16,45,39,9,46,A1HUUSCZ4I5SOP,4,40,42,42,8,39
A2AVFNOKFHQ2ME,performance,16,45,39,9,46,A2LT6KC1X51FVW,2,15,12,23,32,36
A2AVFNOKFHQ2ME,performance,16,45,39,9,46,AKX5RHHO8BIUX,3,19,39,33,25,36
A2AVFNOKFHQ2ME,performance,16,45,39,9,46,A2K9FAOBT66F3U,3,23,43,36,26,47
A2AVFNOKFHQ2ME,performance,16,45,39,9,46,A3EJ44J2ZNRMDA,1,34,24,45,13,50
A2AVFNOKFHQ2ME,performance,16,45,39,9,46,AAEZQL4J6CQGM,4.5,40,30,45,14,43
A2AVFNOKFHQ2ME,performance,16,45,39,9,46,A22KRF782ELLB0,5,8,38,40,29,37
A2AVFNOKFHQ2ME,performance,16,45,39,9,46,A2P1VYBQ79Y92Q,3,33,40,44,12,45
A3LFVI65XV1T46,basic_info|personality|performance,15,34,39,24,32,A2LT6KC1X51FVW,2.5,15,12,23,32,36
A3LFVI65XV1T46,basic_info|personality|performance,15,34,39,24,32,AKX5RHHO8BIUX,4.5,19,39,33,25,36
A3LFVI65XV1T46,basic_info|personality|performance,15,34,39,24,32,A3E8SXH0BAYG85,3.5,26,35,40,12,42
A3LFVI65XV1T46,basic_info|personality|performance,15,34,39,24,32,A2K9FAOBT66F3U,4,23,43,36,26,47
A3LFVI65XV1T46,basic_info|personality|performance,15,34,39,24,32,A1IZ4NX41GKU4X,2,40,33,45,12,42
A3LFVI65XV1T46,basic_info|personality|performance,15,34,39,24,32,A175PJR0W3LO8I,4.5,14,36,40,22,28
A3LFVI65XV1T46,basic_info|personality|performance,15,34,39,24,32,A14PFRHG0A2YY9,3.5,28,36,36,18,39
A3LFVI65XV1T46,basic_info|personality|performance,15,34,39,24,32,A2MWAXV1YRK5GH,2.5,40,45,45,8,49
A3LFVI65XV1T46,basic_info|personality|performance,15,34,39,24,32,A2P1VYBQ79Y92Q,4,33,40,44,12,45
A3LFVI65XV1T46,basic_info|personality|performance,15,34,39,24,32,A27BUT19WQ6P1O,3,21,41,43,14,43
A3HTLXAPOBCVVO,basic_info|personality|performance,20,43,34,20,33,A2LT6KC1X51FVW,4,15,12,23,32,36
A3HTLXAPOBCVVO,basic_info|personality|performance,20,43,34,20,33,A1EYJNJFSRMDWW,4,13,37,38,27,45
A3HTLXAPOBCVVO,basic_info|personality|performance,20,43,34,20,33,AKX5RHHO8BIUX,5,19,39,33,25,36
A3HTLXAPOBCVVO,basic_info|personality|performance,20,43,34,20,33,A3E8SXH0BAYG85,5,26,35,40,12,42
A3HTLXAPOBCVVO,basic_info|personality|performance,20,43,34,20,33,A2K9FAOBT66F3U,4,23,43,36,26,47
A3HTLXAPOBCVVO,basic_info|personality|performance,20,43,34,20,33,ATHS9GUME1XCA,3,29,38,40,8,44
A3HTLXAPOBCVVO,basic_info|personality|performance,20,43,34,20,33,A3EJ44J2ZNRMDA,4,34,24,45,13,50
A3HTLXAPOBCVVO,basic_info|personality|performance,20,43,34,20,33,A2P1VYBQ79Y92Q,5,33,40,44,12,45
A3HTLXAPOBCVVO,basic_info|personality|performance,20,43,34,20,33,AQN3RS63MEPQA,3,33,39,40,10,38
A3HTLXAPOBCVVO,basic_info|personality|performance,20,43,34,20,33,A27BUT19WQ6P1O,4,21,41,43,14,43
A2R0YYUAWNT7UD,performance,17,23,32,24,22,AQAXDL1INQC9Q,3.5,26,33,44,21,47
A2R0YYUAWNT7UD,performance,17,23,32,24,22,A2MWAXV1YRK5GH,3,40,45,45,8,49
A2R0YYUAWNT7UD,performance,17,23,32,24,22,AKX5RHHO8BIUX,4,19,39,33,25,36
A2R0YYUAWNT7UD,performance,17,23,32,24,22,A2K9FAOBT66F3U,3,23,43,36,26,47
A2R0YYUAWNT7UD,performance,17,23,32,24,22,A3EJ44J2ZNRMDA,3,34,24,45,13,50
A2R0YYUAWNT7UD,performance,17,23,32,24,22,ATHS9GUME1XCA,2,29,38,40,8,44
A2R0YYUAWNT7UD,performance,17,23,32,24,22,A2LT6KC1X51FVW,4,15,12,23,32,36
A2R0YYUAWNT7UD,performance,17,23,32,24,22,A2P1VYBQ79Y92Q,5,33,40,44,12,45
A2R0YYUAWNT7UD,performance,17,23,32,24,22,AAEZQL4J6CQGM,4.5,40,30,45,14,43
A2R0YYUAWNT7UD,performance,17,23,32,24,22,A27BUT19WQ6P1O,3,21,41,43,14,43
A16HSMUJ7C7QA7,basic_info|personality|performance,22,35,41,19,37,A2LT6KC1X51FVW,3,15,12,23,32,36
A16HSMUJ7C7QA7,basic_info|personality|performance,22,35,41,19,37,AQN3RS63MEPQA,4.5,33,39,40,10,38
A16HSMUJ7C7QA7,basic_info|personality|performance,22,35,41,19,37,AKX5RHHO8BIUX,3,19,39,33,25,36
A16HSMUJ7C7QA7,basic_info|personality|performance,22,35,41,19,37,A175PJR0W3LO8I,2.5,14,36,40,22,28
A16HSMUJ7C7QA7,basic_info|personality|performance,22,35,41,19,37,AAEZQL4J6CQGM,2.5,40,30,45,14,43
A16HSMUJ7C7QA7,basic_info|personality|performance,22,35,41,19,37,ATHS9GUME1XCA,1.5,29,38,40,8,44
A16HSMUJ7C7QA7,basic_info|personality|performance,22,35,41,19,37,A22KRF782ELLB0,3.5,8,38,40,29,37
A16HSMUJ7C7QA7,basic_info|personality|performance,22,35,41,19,37,A2MWAXV1YRK5GH,3.5,40,45,45,8,49
A16HSMUJ7C7QA7,basic_info|personality|performance,22,35,41,19,37,A1IZ4NX41GKU4X,2.5,40,33,45,12,42
A16HSMUJ7C7QA7,basic_info|personality|performance,22,35,41,19,37,A1EYJNJFSRMDWW,2.5,13,37,38,27,45
A2LV5432PV1S39,basic_info|personality|performance,14,26,37,18,36,AQAXDL1INQC9Q,3.5,26,33,44,21,47
A2LV5432PV1S39,basic_info|personality|performance,14,26,37,18,36,A1HUUSCZ4I5SOP,4.5,40,42,42,8,39
A2LV5432PV1S39,basic_info|personality|performance,14,26,37,18,36,A3E8SXH0BAYG85,5,26,35,40,12,42
A2LV5432PV1S39,basic_info|personality|performance,14,26,37,18,36,A1IZ4NX41GKU4X,5,40,33,45,12,42
A2LV5432PV1S39,basic_info|personality|performance,14,26,37,18,36,A175PJR0W3LO8I,4,14,36,40,22,28
A2LV5432PV1S39,basic_info|personality|performance,14,26,37,18,36,AAEZQL4J6CQGM,3.5,40,30,45,14,43
A2LV5432PV1S39,basic_info|personality|performance,14,26,37,18,36,ATHS9GUME1XCA,4,29,38,40,8,44
A2LV5432PV1S39,basic_info|personality|performance,14,26,37,18,36,A14PFRHG0A2YY9,5,28,36,36,18,39
A2LV5432PV1S39,basic_info|personality|performance,14,26,37,18,36,A2P1VYBQ79Y92Q,5,33,40,44,12,45
A2LV5432PV1S39,basic_info|personality|performance,14,26,37,18,36,A27BUT19WQ6P1O,4.5,21,41,43,14,43
A3PYB8Z6FFWSOV,basic_info|personality|performance,22,40,41,40,32,A2LT6KC1X51FVW,2.5,15,12,23,32,36
A3PYB8Z6FFWSOV,basic_info|personality|performance,22,40,41,40,32,A1EYJNJFSRMDWW,2,13,37,38,27,45
A3PYB8Z6FFWSOV,basic_info|personality|performance,22,40,41,40,32,AKX5RHHO8BIUX,3,19,39,33,25,36
A3PYB8Z6FFWSOV,basic_info|personality|performance,22,40,41,40,32,A2K9FAOBT66F3U,2.5,23,43,36,26,47
A3PYB8Z6FFWSOV,basic_info|personality|performance,22,40,41,40,32,A175PJR0W3LO8I,0.5,14,36,40,22,28
A3PYB8Z6FFWSOV,basic_info|personality|performance,22,40,41,40,32,A3EJ44J2ZNRMDA,2,34,24,45,13,50
A3PYB8Z6FFWSOV,basic_info|personality|performance,22,40,41,40,32,ATHS9GUME1XCA,2.5,29,38,40,8,44
A3PYB8Z6FFWSOV,basic_info|personality|performance,22,40,41,40,32,A2MWAXV1YRK5GH,1,40,45,45,8,49
A3PYB8Z6FFWSOV,basic_info|personality|performance,22,40,41,40,32,AQN3RS63MEPQA,2.5,33,39,40,10,38
A3PYB8Z6FFWSOV,basic_info|personality|performance,22,40,41,40,32,A1GKEEI844CEKI,2.5,22,30,29,21,36
A70L26UXLTGLC,basic_info|personality|performance,34,40,44,10,36,A20ALQT1HIVSAH,4,25,45,37,8,37
A70L26UXLTGLC,basic_info|personality|performance,34,40,44,10,36,A2LT6KC1X51FVW,4,15,12,23,32,36
A70L26UXLTGLC,basic_info|personality|performance,34,40,44,10,36,A1EYJNJFSRMDWW,3,13,37,38,27,45
A70L26UXLTGLC,basic_info|personality|performance,34,40,44,10,36,A2K9FAOBT66F3U,3.5,23,43,36,26,47
A70L26UXLTGLC,basic_info|personality|performance,34,40,44,10,36,A175PJR0W3LO8I,4,14,36,40,22,28
A70L26UXLTGLC,basic_info|personality|performance,34,40,44,10,36,A3EJ44J2ZNRMDA,3.5,34,24,45,13,50
A70L26UXLTGLC,basic_info|personality|performance,34,40,44,10,36,A1GKEEI844CEKI,4,22,30,29,21,36
A70L26UXLTGLC,basic_info|personality|performance,34,40,44,10,36,A14PFRHG0A2YY9,0.5,28,36,36,18,39
A70L26UXLTGLC,basic_info|personality|performance,34,40,44,10,36,A2P1VYBQ79Y92Q,2.5,33,40,44,12,45
A70L26UXLTGLC,basic_info|personality|performance,34,40,44,10,36,A27BUT19WQ6P1O,3.5,21,41,43,14,43
A20ALQT1HIVSAH,basic_info|personality,30,45,39,8,37,AQAXDL1INQC9Q,5,26,33,44,21,47
A20ALQT1HIVSAH,basic_info|personality,30,45,39,8,37,A20ALQT1HIVSAH,4.5,25,45,37,8,37
A20ALQT1HIVSAH,basic_info|personality,30,45,39,8,37,A3E8SXH0BAYG85,4,26,35,40,12,42
A20ALQT1HIVSAH,basic_info|personality,30,45,39,8,37,A2K9FAOBT66F3U,4,23,43,36,26,47
A20ALQT1HIVSAH,basic_info|personality,30,45,39,8,37,A175PJR0W3LO8I,4.5,14,36,40,22,28
A20ALQT1HIVSAH,basic_info|personality,30,45,39,8,37,AAEZQL4J6CQGM,4,40,30,45,14,43
A20ALQT1HIVSAH,basic_info|personality,30,45,39,8,37,ATHS9GUME1XCA,3,29,38,40,8,44
A20ALQT1HIVSAH,basic_info|personality,30,45,39,8,37,A14PFRHG0A2YY9,4,28,36,36,18,39
A20ALQT1HIVSAH,basic_info|personality,30,45,39,8,37,A1IZ4NX41GKU4X,3,40,33,45,12,42
A20ALQT1HIVSAH,basic_info|personality,30,45,39,8,37,A27BUT19WQ6P1O,4,21,41,43,14,43
AF883TQ7OGVI8,basic_info|personality,32,39,41,13,42,A20ALQT1HIVSAH,1.5,25,45,37,8,37
AF883TQ7OGVI8,basic_info|personality,32,39,41,13,42,A2MWAXV1YRK5GH,3.5,40,45,45,8,49
AF883TQ7OGVI8,basic_info|personality,32,39,41,13,42,A1EYJNJFSRMDWW,1.5,13,37,38,27,45
AF883TQ7OGVI8,basic_info|personality,32,39,41,13,42,A2K9FAOBT66F3U,4,23,43,36,26,47
AF883TQ7OGVI8,basic_info|personality,32,39,41,13,42,A3EJ44J2ZNRMDA,3,34,24,45,13,50
AF883TQ7OGVI8,basic_info|personality,32,39,41,13,42,A1GKEEI844CEKI,4.5,22,30,29,21,36
AF883TQ7OGVI8,basic_info|personality,32,39,41,13,42,A22KRF782ELLB0,0.5,8,38,40,29,37
AF883TQ7OGVI8,basic_info|personality,32,39,41,13,42,A2LT6KC1X51FVW,3,15,12,23,32,36
AF883TQ7OGVI8,basic_info|personality,32,39,41,13,42,A1IZ4NX41GKU4X,4.5,40,33,45,12,42
AF883TQ7OGVI8,basic_info|personality,32,39,41,13,42,A27BUT19WQ6P1O,2.5,21,41,43,14,43
A3760PCQD2MPIO,basic_info|personality,8,40,44,23,36,A1HUUSCZ4I5SOP,3.5,40,42,42,8,39
A3760PCQD2MPIO,basic_info|personality,8,40,44,23,36,A2LT6KC1X51FVW,3,15,12,23,32,36
A3760PCQD2MPIO,basic_info|personality,8,40,44,23,36,AQN3RS63MEPQA,1.5,33,39,40,10,38
A3760PCQD2MPIO,basic_info|personality,8,40,44,23,36,AKX5RHHO8BIUX,4,19,39,33,25,36
A3760PCQD2MPIO,basic_info|personality,8,40,44,23,36,A3EJ44J2ZNRMDA,2,34,24,45,13,50
A3760PCQD2MPIO,basic_info|personality,8,40,44,23,36,AAEZQL4J6CQGM,2.5,40,30,45,14,43
A3760PCQD2MPIO,basic_info|personality,8,40,44,23,36,ATHS9GUME1XCA,2.5,29,38,40,8,44
A3760PCQD2MPIO,basic_info|personality,8,40,44,23,36,A1GKEEI844CEKI,3,22,30,29,21,36
A3760PCQD2MPIO,basic_info|personality,8,40,44,23,36,A14PFRHG0A2YY9,1.5,28,36,36,18,39
A3760PCQD2MPIO,basic_info|personality,8,40,44,23,36,A27BUT19WQ6P1O,3.5,21,41,43,14,43
ASB8T0H7L99RF,basic_info|personality,12,22,11,38,14,A1HUUSCZ4I5SOP,5,40,42,42,8,39
ASB8T0H7L99RF,basic_info|personality,12,22,11,38,14,A2MWAXV1YRK5GH,4,40,45,45,8,49
ASB8T0H7L99RF,basic_info|personality,12,22,11,38,14,A1EYJNJFSRMDWW,3.5,13,37,38,27,45
ASB8T0H7L99RF,basic_info|personality,12,22,11,38,14,AKX5RHHO8BIUX,3.5,19,39,33,25,36
ASB8T0H7L99RF,basic_info|personality,12,22,11,38,14,A2K9FAOBT66F3U,3,23,43,36,26,47
ASB8T0H7L99RF,basic_info|personality,12,22,11,38,14,A2P1VYBQ79Y92Q,4.5,33,40,44,12,45
ASB8T0H7L99RF,basic_info|personality,12,22,11,38,14,A175PJR0W3LO8I,4.5,14,36,40,22,28
ASB8T0H7L99RF,basic_info|personality,12,22,11,38,14,A22KRF782ELLB0,2.5,8,38,40,29,37
ASB8T0H7L99RF,basic_info|personality,12,22,11,38,14,A2LT6KC1X51FVW,5,15,12,23,32,36
ASB8T0H7L99RF,basic_info|personality,12,22,11,38,14,A1IZ4NX41GKU4X,4,40,33,45,12,42
A1HBIE5LRTQK1L,basic_info|personality,25,37,37,14,30,AQAXDL1INQC9Q,4.5,26,33,44,21,47
A1HBIE5LRTQK1L,basic_info|personality,25,37,37,14,30,AQN3RS63MEPQA,3.5,33,39,40,10,38
A1HBIE5LRTQK1L,basic_info|personality,25,37,37,14,30,AKX5RHHO8BIUX,1.5,19,39,33,25,36
A1HBIE5LRTQK1L,basic_info|personality,25,37,37,14,30,A2K9FAOBT66F3U,3.5,23,43,36,26,47
A1HBIE5LRTQK1L,basic_info|personality,25,37,37,14,30,AAEZQL4J6CQGM,1.5,40,30,45,14,43
A1HBIE5LRTQK1L,basic_info|personality,25,37,37,14,30,ATHS9GUME1XCA,2.5,29,38,40,8,44
A1HBIE5LRTQK1L,basic_info|personality,25,37,37,14,30,A3EJ44J2ZNRMDA,2.5,34,24,45,13,50
A1HBIE5LRTQK1L,basic_info|personality,25,37,37,14,30,A22KRF782ELLB0,5,8,38,40,29,37
A1HBIE5LRTQK1L,basic_info|personality,25,37,37,14,30,A1IZ4NX41GKU4X,0.5,40,33,45,12,42
A1HBIE5LRTQK1L,basic_info|personality,25,37,37,14,30,A1GKEEI844CEKI,0.5,22,30,29,21,36
AKX5RHHO8BIUX,basic_info|personality,18,43,33,25,36,AQAXDL1INQC9Q,4,26,33,44,21,47
AKX5RHHO8BIUX,basic_info|personality,18,43,33,25,36,A1HUUSCZ4I5SOP,4.5,40,42,42,8,39
AKX5RHHO8BIUX,basic_info|personality,18,43,33,25,36,A1EYJNJFSRMDWW,3,13,37,38,27,45
AKX5RHHO8BIUX,basic_info|personality,18,43,33,25,36,A2K9FAOBT66F3U,2.5,23,43,36,26,47
AKX5RHHO8BIUX,basic_info|personality,18,43,33,25,36,ATHS9GUME1XCA,3,29,38,40,8,44
AKX5RHHO8BIUX,basic_info|personality,18,43,33,25,36,A1GKEEI844CEKI,2,22,30,29,21,36
AKX5RHHO8BIUX,basic_info|personality,18,43,33,25,36,A14PFRHG0A2YY9,3,28,36,36,18,39
AKX5RHHO8BIUX,basic_info|personality,18,43,33,25,36,A2P1VYBQ79Y92Q,2,33,40,44,12,45
AKX5RHHO8BIUX,basic_info|personality,18,43,33,25,36,AQN3RS63MEPQA,3.5,33,39,40,10,38
AKX5RHHO8BIUX,basic_info|personality,18,43,33,25,36,A3EJ44J2ZNRMDA,4,34,24,45,13,50
A2TDGWWPX6IMIZ,basic_info|personality,17,37,41,15,37,A20ALQT1HIVSAH,3,25,45,37,8,37
A2TDGWWPX6IMIZ,basic_info|personality,17,37,41,15,37,A2LT6KC1X51FVW,3,15,12,23,32,36
A2TDGWWPX6IMIZ,basic_info|personality,17,37,41,15,37,A1EYJNJFSRMDWW,4,13,37,38,27,45
A2TDGWWPX6IMIZ,basic_info|personality,17,37,41,15,37,AKX5RHHO8BIUX,2.5,19,39,33,25,36
A2TDGWWPX6IMIZ,basic_info|personality,17,37,41,15,37,A2K9FAOBT66F3U,4,23,43,36,26,47
A2TDGWWPX6IMIZ,basic_info|personality,17,37,41,15,37,A175PJR0W3LO8I,1.5,14,36,40,22,28
A2TDGWWPX6IMIZ,basic_info|personality,17,37,41,15,37,A3EJ44J2ZNRMDA,4,34,24,45,13,50
A2TDGWWPX6IMIZ,basic_info|personality,17,37,41,15,37,A1GKEEI844CEKI,3.5,22,30,29,21,36
A2TDGWWPX6IMIZ,basic_info|personality,17,37,41,15,37,A22KRF782ELLB0,2,8,38,40,29,37
A2TDGWWPX6IMIZ,basic_info|personality,17,37,41,15,37,A2MWAXV1YRK5GH,3.5,40,45,45,8,49
A1H162QMRV01SA,basic_info|personality,18,41,43,15,33,AQAXDL1INQC9Q,4,26,33,44,21,47
A1H162QMRV01SA,basic_info|personality,18,41,43,15,33,A20ALQT1HIVSAH,5,25,45,37,8,37
A1H162QMRV01SA,basic_info|personality,18,41,43,15,33,A1HUUSCZ4I5SOP,3,40,42,42,8,39
A1H162QMRV01SA,basic_info|personality,18,41,43,15,33,A2LT6KC1X51FVW,3,15,12,23,32,36
A1H162QMRV01SA,basic_info|personality,18,41,43,15,33,AKX5RHHO8BIUX,3,19,39,33,25,36
A1H162QMRV01SA,basic_info|personality,18,41,43,15,33,A2K9FAOBT66F3U,3.5,23,43,36,26,47
A1H162QMRV01SA,basic_info|personality,18,41,43,15,33,A175PJR0W3LO8I,3.5,14,36,40,22,28
A1H162QMRV01SA,basic_info|personality,18,41,43,15,33,A3EJ44J2ZNRMDA,3,34,24,45,13,50
A1H162QMRV01SA,basic_info|personality,18,41,43,15,33,A22KRF782ELLB0,3.5,8,38,40,29,37
A1H162QMRV01SA,basic_info|personality,18,41,43,15,33,A2P1VYBQ79Y92Q,3,33,40,44,12,45
AJ74BNWTCX0MJ,performance,22,44,29,20,29,AQAXDL1INQC9Q,4,26,33,44,21,47
AJ74BNWTCX0MJ,performance,22,44,29,20,29,A20ALQT1HIVSAH,2.5,25,45,37,8,37
AJ74BNWTCX0MJ,performance,22,44,29,20,29,A1HUUSCZ4I5SOP,4,40,42,42,8,39
AJ74BNWTCX0MJ,performance,22,44,29,20,29,AQN3RS63MEPQA,2,33,39,40,10,38
AJ74BNWTCX0MJ,performance,22,44,29,20,29,AKX5RHHO8BIUX,5,19,39,33,25,36
AJ74BNWTCX0MJ,performance,22,44,29,20,29,A3E8SXH0BAYG85,3,26,35,40,12,42
AJ74BNWTCX0MJ,performance,22,44,29,20,29,A2K9FAOBT66F3U,3,23,43,36,26,47
AJ74BNWTCX0MJ,performance,22,44,29,20,29,AAEZQL4J6CQGM,2.5,40,30,45,14,43
AJ74BNWTCX0MJ,performance,22,44,29,20,29,A14PFRHG0A2YY9,3.5,28,36,36,18,39
AJ74BNWTCX0MJ,performance,22,44,29,20,29,A1EYJNJFSRMDWW,2.5,13,37,38,27,45
A2WNW8A4MOR7T7,performance,25,28,34,28,39,A20ALQT1HIVSAH,2,25,45,37,8,37
A2WNW8A4MOR7T7,performance,25,28,34,28,39,A1HUUSCZ4I5SOP,3,40,42,42,8,39
A2WNW8A4MOR7T7,performance,25,28,34,28,39,A2LT6KC1X51FVW,3,15,12,23,32,36
A2WNW8A4MOR7T7,performance,25,28,34,28,39,AKX5RHHO8BIUX,3,19,39,33,25,36
A2WNW8A4MOR7T7,performance,25,28,34,28,39,A3E8SXH0BAYG85,3,26,35,40,12,42
A2WNW8A4MOR7T7,performance,25,28,34,28,39,AAEZQL4J6CQGM,3.5,40,30,45,14,43
A2WNW8A4MOR7T7,performance,25,28,34,28,39,ATHS9GUME1XCA,1.5,29,38,40,8,44
A2WNW8A4MOR7T7,performance,25,28,34,28,39,A2MWAXV1YRK5GH,3,40,45,45,8,49
A2WNW8A4MOR7T7,performance,25,28,34,28,39,A1IZ4NX41GKU4X,4,40,33,45,12,42
A2WNW8A4MOR7T7,performance,25,28,34,28,39,A27BUT19WQ6P1O,2,21,41,43,14,43
A2D4GSZPZB56HW,performance,28,38,43,10,37,AQAXDL1INQC9Q,2.5,26,33,44,21,47
A2D4GSZPZB56HW,performance,28,38,43,10,37,A20ALQT1HIVSAH,3.5,25,45,37,8,37
A2D4GSZPZB56HW,performance,28,38,43,10,37,A2MWAXV1YRK5GH,3,40,45,45,8,49
A2D4GSZPZB56HW,performance,28,38,43,10,37,AQN3RS63MEPQA,2.5,33,39,40,10,38
A2D4GSZPZB56HW,performance,28,38,43,10,37,AKX5RHHO8BIUX,4.5,19,39,33,25,36
A2D4GSZPZB56HW,performance,28,38,43,10,37,A2K9FAOBT66F3U,3.5,23,43,36,26,47
A2D4GSZPZB56HW,performance,28,38,43,10,37,A175PJR0W3LO8I,4,14,36,40,22,28
A2D4GSZPZB56HW,performance,28,38,43,10,37,A22KRF782ELLB0,4.5,8,38,40,29,37
A2D4GSZPZB56HW,performance,28,38,43,10,37,A2P1VYBQ79Y92Q,4.5,33,40,44,12,45
A2D4GSZPZB56HW,performance,28,38,43,10,37,A27BUT19WQ6P1O,3,21,41,43,14,43
AVOF14300525D,performance,8,30,34,35,22,A1HUUSCZ4I5SOP,2,40,42,42,8,39
AVOF14300525D,performance,8,30,34,35,22,AQN3RS63MEPQA,1.5,33,39,40,10,38
AVOF14300525D,performance,8,30,34,35,22,AKX5RHHO8BIUX,2.5,19,39,33,25,36
AVOF14300525D,performance,8,30,34,35,22,A3E8SXH0BAYG85,4,26,35,40,12,42
AVOF14300525D,performance,8,30,34,35,22,A2P1VYBQ79Y92Q,1,33,40,44,12,45
AVOF14300525D,performance,8,30,34,35,22,A175PJR0W3LO8I,0.5,14,36,40,22,28
AVOF14300525D,performance,8,30,34,35,22,AAEZQL4J6CQGM,4,40,30,45,14,43
AVOF14300525D,performance,8,30,34,35,22,A1GKEEI844CEKI,1.5,22,30,29,21,36
AVOF14300525D,performance,8,30,34,35,22,A14PFRHG0A2YY9,1,28,36,36,18,39
AVOF14300525D,performance,8,30,34,35,22,A1IZ4NX41GKU4X,4,40,33,45,12,42
A2VX8B1CJXRN2,basic_info|personality|performance,9,23,42,38,29,A20ALQT1HIVSAH,5,25,45,37,8,37
A2VX8B1CJXRN2,basic_info|personality|performance,9,23,42,38,29,A2LT6KC1X51FVW,5,15,12,23,32,36
A2VX8B1CJXRN2,basic_info|personality|performance,9,23,42,38,29,AQN3RS63MEPQA,3,33,39,40,10,38
A2VX8B1CJXRN2,basic_info|personality|performance,9,23,42,38,29,AKX5RHHO8BIUX,2.5,19,39,33,25,36
A2VX8B1CJXRN2,basic_info|personality|performance,9,23,42,38,29,A2K9FAOBT66F3U,3,23,43,36,26,47
A2VX8B1CJXRN2,basic_info|personality|performance,9,23,42,38,29,A175PJR0W3LO8I,4.5,14,36,40,22,28
A2VX8B1CJXRN2,basic_info|personality|performance,9,23,42,38,29,AAEZQL4J6CQGM,4,40,30,45,14,43
A2VX8B1CJXRN2,basic_info|personality|performance,9,23,42,38,29,A14PFRHG0A2YY9,0.5,28,36,36,18,39
A2VX8B1CJXRN2,basic_info|personality|performance,9,23,42,38,29,A2MWAXV1YRK5GH,4,40,45,45,8,49
A2VX8B1CJXRN2,basic_info|personality|performance,9,23,42,38,29,A2P1VYBQ79Y92Q,5,33,40,44,12,45
A9J48W1C9IZAI,performance,31,36,40,17,37,AQAXDL1INQC9Q,4,26,33,44,21,47
A9J48W1C9IZAI,performance,31,36,40,17,37,A20ALQT1HIVSAH,5,25,45,37,8,37
A9J48W1C9IZAI,performance,31,36,40,17,37,A2LT6KC1X51FVW,4,15,12,23,32,36
A9J48W1C9IZAI,performance,31,36,40,17,37,A3E8SXH0BAYG85,5,26,35,40,12,42
A9J48W1C9IZAI,performance,31,36,40,17,37,A2K9FAOBT66F3U,3,23,43,36,26,47
A9J48W1C9IZAI,performance,31,36,40,17,37,A175PJR0W3LO8I,3,14,36,40,22,28
A9J48W1C9IZAI,performance,31,36,40,17,37,A3EJ44J2ZNRMDA,4,34,24,45,13,50
A9J48W1C9IZAI,performance,31,36,40,17,37,A1GKEEI844CEKI,2,22,30,29,21,36
A9J48W1C9IZAI,performance,31,36,40,17,37,A22KRF782ELLB0,5,8,38,40,29,37
A9J48W1C9IZAI,performance,31,36,40,17,37,A2P1VYBQ79Y92Q,4,33,40,44,12,45
A1CFUMXK9QFT9M,basic_info|personality|performance,12,30,38,26,39,A20ALQT1HIVSAH,3,25,45,37,8,37
A1CFUMXK9QFT9M,basic_info|personality|performance,12,30,38,26,39,A1HUUSCZ4I5SOP,2.5,40,42,42,8,39
A1CFUMXK9QFT9M,basic_info|personality|performance,12,30,38,26,39,AQN3RS63MEPQA,2,33,39,40,10,38
A1CFUMXK9QFT9M,basic_info|personality|performance,12,30,38,26,39,AKX5RHHO8BIUX,4,19,39,33,25,36
A1CFUMXK9QFT9M,basic_info|personality|performance,12,30,38,26,39,A175PJR0W3LO8I,2.5,14,36,40,22,28
A1CFUMXK9QFT9M,basic_info|personality|performance,12,30,38,26,39,AAEZQL4J6CQGM,3.5,40,30,45,14,43
A1CFUMXK9QFT9M,basic_info|personality|performance,12,30,38,26,39,A3EJ44J2ZNRMDA,3,34,24,45,13,50
A1CFUMXK9QFT9M,basic_info|personality|performance,12,30,38,26,39,A22KRF782ELLB0,1.5,8,38,40,29,37
A1CFUMXK9QFT9M,basic_info|personality|performance,12,30,38,26,39,A14PFRHG0A2YY9,2.5,28,36,36,18,39
A1CFUMXK9QFT9M,basic_info|personality|performance,12,30,38,26,39,A2P1VYBQ79Y92Q,3.5,33,40,44,12,45
A38DC3BG1ZCVZ2,basic_info|personality|performance,13,16,14,39,14,AQAXDL1INQC9Q,4,26,33,44,21,47
A38DC3BG1ZCVZ2,basic_info|personality|performance,13,16,14,39,14,A1EYJNJFSRMDWW,2,13,37,38,27,45
A38DC3BG1ZCVZ2,basic_info|personality|performance,13,16,14,39,14,A3E8SXH0BAYG85,4,26,35,40,12,42
A38DC3BG1ZCVZ2,basic_info|personality|performance,13,16,14,39,14,A2P1VYBQ79Y92Q,4,33,40,44,12,45
A38DC3BG1ZCVZ2,basic_info|personality|performance,13,16,14,39,14,ATHS9GUME1XCA,1.5,29,38,40,8,44
A38DC3BG1ZCVZ2,basic_info|personality|performance,13,16,14,39,14,A3EJ44J2ZNRMDA,4,34,24,45,13,50
A38DC3BG1ZCVZ2,basic_info|personality|performance,13,16,14,39,14,A22KRF782ELLB0,1,8,38,40,29,37
A38DC3BG1ZCVZ2,basic_info|personality|performance,13,16,14,39,14,A1IZ4NX41GKU4X,4,40,33,45,12,42
A38DC3BG1ZCVZ2,basic_info|personality|performance,13,16,14,39,14,AQN3RS63MEPQA,2,33,39,40,10,38
A38DC3BG1ZCVZ2,basic_info|personality|performance,13,16,14,39,14,A1GKEEI844CEKI,2,22,30,29,21,36
A3G00Q5JV2BE5G,basic_info|personality,15,22,33,31,33,A1HUUSCZ4I5SOP,3.5,40,42,42,8,39
A3G00Q5JV2BE5G,basic_info|personality,15,22,33,31,33,A2LT6KC1X51FVW,2.5,15,12,23,32,36
A3G00Q5JV2BE5G,basic_info|personality,15,22,33,31,33,A1EYJNJFSRMDWW,2.5,13,37,38,27,45
A3G00Q5JV2BE5G,basic_info|personality,15,22,33,31,33,A3E8SXH0BAYG85,4,26,35,40,12,42
A3G00Q5JV2BE5G,basic_info|personality,15,22,33,31,33,A175PJR0W3LO8I,0.5,14,36,40,22,28
A3G00Q5JV2BE5G,basic_info|personality,15,22,33,31,33,A3EJ44J2ZNRMDA,3,34,24,45,13,50
A3G00Q5JV2BE5G,basic_info|personality,15,22,33,31,33,AAEZQL4J6CQGM,3,40,30,45,14,43
A3G00Q5JV2BE5G,basic_info|personality,15,22,33,31,33,A22KRF782ELLB0,1.5,8,38,40,29,37
A3G00Q5JV2BE5G,basic_info|personality,15,22,33,31,33,A2P1VYBQ79Y92Q,2.5,33,40,44,12,45
A3G00Q5JV2BE5G,basic_info|personality,15,22,33,31,33,A27BUT19WQ6P1O,2.5,21,41,43,14,43